{
  "Riga, Latvia": [
    56.9493977,
    24.1051846
  ],
  "Lübeck": [
    53.866444,
    10.684738
  ],
  "New York (Bronx)": [
    40.8466508,
    -73.8785937
  ],
  "Prison/camp in Tallinn": [
    null,
    null
  ],
  "Bergen-Belsen": [
    48.8601371,
    2.4001275
  ],
  "New York, United States": [
    40.7127281,
    -74.0060152
  ],
  "A part of Hungary which became subsequently part of Czechoslovakia and then Hungary again": [
    48.15,
    22.5
  ],
  "A part of Hungary which became Romania": [
    46.0667,
    23.5833
  ],
  "Hungary": [
    47.1625,
    19.5033
  ],
  "Germany": [
    51.1657,
    10.4515
  ],
  "France": [
    46.603354,
    1.888334
  ],
  "Budapest": [
    47.4979,
    19.0402
  ],
  "Debrecen": [
    47.5315,
    21.6273
  ],
  "Warsaw, Poland": [
    52.2297,
    21.0122
  ],
  "Bialystok": [
    53.1325,
    23.1688
  ],
  "Arkhangelsk Oblast, Russia": [
    64.54725,
    40.560155
  ],
  "Not mentioned": [
    52.2297,
    21.0122
  ],
  "Warsaw": [
    52.2297,
    21.0122
  ],
  "Poland": [
    52.2297,
    21.0122
  ],
  "Dachau": [
    48.2682,
    11.4663
  ],
  "Different parts of Warsaw": [
    52.2297,
    21.0122
  ],
  "Warsaw Ghetto": [
    52.2471,
    20.9885
  ],
  "Auschwitz": [
    50.0345,
    19.2094
  ],
  "Sachsenhausen": [
    52.7667,
    13.265
  ],
  "Israel": [
    31.046051,
    34.851612
  ],
  "Posen": [
    52.4064,
    16.9252
  ],
  "Waldenburg": [
    50.9167,
    16.3833
  ],
  "Lubeck": [
    53.865467,
    10.686559
  ],
  "Treblinka": [
    52.6354,
    22.0529
  ],
  "Hildsheim, Germany": [
    52.15,
    9.95
  ],
  "Dreisen, Germany": [
    49.6344,
    8.0739
  ],
  "Vienna": [
    48.2082,
    16.3738
  ],
  "Italy": [
    42.504154,
    12.646361
  ],
  "Austria": [
    48.2082,
    16.3738
  ],
  "Designated ghetto area in Debrecen": [
    47.531605,
    21.627312
  ],
  "Brick factory outside of Debrecen": [
    47.5333,
    21.6333
  ]
}