{"Riga, Latvia": [56.9493977, 24.1051846], "L\u00fcbeck": [53.866444, 10.684738], "New York (Bronx)": [40.8466508, -73.8785937], "Prison/camp in Tallinn": [null, null], "Bergen-Belsen": [48.8601371, 2.4001275], "New York, United States": [40.7127281, -74.0060152]}