{
  "Not mentioned": [
    48.8566,
    2.3522
  ],
  "Paris": [
    48.8566,
    2.3522
  ],
  "New York": [
    40.7128,
    -74.006
  ],
  "America": [
    39.381266,
    -97.922211
  ],
  "Europe": [
    54.526,
    15.2551
  ],
  "Fort Lauderdale": [
    26.122439,
    -80.137317
  ],
  "Hungary": [
    47.1625,
    19.5033
  ]
}